{
	"title": "ftpd",
	"author": "mtheall, TuxSH",
	"category": "tool",
	"version": "2.3",
	"description": "FTP Server for Switch",
	"details": "This is a port of ftpd for 3DS.\\nTo use it, run the application and then connect to your Switch's IP with an ftp program on port 5000.",
	"url": "https://github.com/mtheall/ftpd/releases/",
	"license": "Public Domain",
	"changelog": "2.3\\nNew Supported Commands:\\nMLSD\\nMLST\\nSIZE\\nOther Features:\\nSwitch support\\nBacklight toggle (Start button)\\nMore compatibility with non-compliant clients\\nFurther improvements to overall system stability and other minor adjustments have been made to enhance the user experience\\n\\n2.2.0-947dc137\\nShow local IP address on Switch correctly."
}
